f,n,a,m,e
l,n,a,m,e
e,m,a,i,l
a,b,i,n
e
a,b,i,n,@,g,m,a,i,l,.,c,o,m
d,e,v,i,n
m
d,e,v,i,n,@,g,m,a,i,l,.,c,o,m
j,e,s,i,i,c,a
j
j,e,s,s,i,c,a,@,g,m,a,i,l,.,c,o,m
a,f,i,t,h
j
a,f,i,t,h,a,@,g,m,a,i,l,.,c,o,m
a,s,h,n,a
h
a,s,h,n,a,@,g,m,a,i,l,.,c,o,m
m,e,l,b,i,n
k
m,e,l,b,i,n,@,g,m,a,i,l,.,c,o,m
a,t,h,i,s,r,u,t,h
d
a,t,h,i,s,r,u,t,h,@,g,m,a,i,l,.,c,o,m
a,m,i,t,h
p
a,m,i,t,h,@,g,m,a,i,l,.,c,o,m
a,t,h,u,l
l
a,t,h,u,l,@,g,m,a,i,l,.,c,o,m
d,a,v,i,d
m
d,a,v,i,d,@,g,m,a,i,l,.,c,o,m
